{
  "Total" : {
    "transaction" : "Total",
    "sampleCount" : 250,
    "errorCount" : 0,
    "errorPct" : 0.0,
    "meanResTime" : 286.132,
    "medianResTime" : 237.5,
    "minResTime" : 36.0,
    "maxResTime" : 997.0,
    "pct1ResTime" : 553.8,
    "pct2ResTime" : 669.3499999999999,
    "pct3ResTime" : 878.9600000000019,
    "throughput" : 116.98642957416939,
    "receivedKBytesPerSec" : 27.87567267197005,
    "sentKBytesPerSec" : 46.84026965372017
  },
  "Create Payment API One" : {
    "transaction" : "Create Payment API One",
    "sampleCount" : 250,
    "errorCount" : 0,
    "errorPct" : 0.0,
    "meanResTime" : 286.132,
    "medianResTime" : 237.5,
    "minResTime" : 36.0,
    "maxResTime" : 997.0,
    "pct1ResTime" : 553.8,
    "pct2ResTime" : 669.3499999999999,
    "pct3ResTime" : 878.9600000000019,
    "throughput" : 116.98642957416939,
    "receivedKBytesPerSec" : 27.87567267197005,
    "sentKBytesPerSec" : 46.84026965372017
  }
}